company_name,domain,website,industry,location,employee_count,year_founded,owner_name,owner_title,email,phone,description,estimated_revenue_m,institutionally_backed,source
Lone Star Mechanical,lonestarmechanical.example,https://lonestarmechanical.example,Commercial HVAC,"Austin, Texas",34,2003,Michael Torres,Founder,michael@lonestarmechanical.example,+1-512-555-0142,"Owner-led commercial HVAC maintenance provider with recurring service agreements.",7.8,false,Synthetic demo
Gulf Coast Facility Care,gulfcoastfacility.example,https://gulfcoastfacility.example,Facility Services,"Tampa, Florida",58,1998,Sarah Bennett,President,sarah@gulfcoastfacility.example,+1-813-555-0198,"Commercial facility maintenance and janitorial services for multi-site customers.",12.4,false,Synthetic demo
Desert Air Systems,desertairsystems.example,https://desertairsystems.example,HVAC,"Phoenix, Arizona",22,2009,Robert Hale,Owner,rob@desertairsystems.example,+1-602-555-0165,"Commercial HVAC repair and preventive maintenance across greater Phoenix.",5.2,false,Synthetic demo
Peachtree Industrial Maintenance,peachtreeindustrial.example,https://peachtreeindustrial.example,Industrial Services,"Atlanta, Georgia",87,1991,Denise Carter,CEO,denise@peachtreeindustrial.example,+1-404-555-0117,"Industrial equipment maintenance with long-term manufacturing customers.",18.6,false,Synthetic demo
Clearview Commercial Cleaning,clearviewclean.example,https://clearviewclean.example,Commercial Cleaning,"Orlando, Florida",46,2012,Anthony Reed,Founder,anthony@clearviewclean.example,,"Recurring commercial cleaning contracts serving medical and office facilities.",6.9,false,Synthetic demo
MetroSpark Software,metrospark.example,https://metrospark.example,B2B Software,"Dallas, Texas",42,2021,Jamie Lin,CEO,jamie@metrospark.example,+1-214-555-0102,"Venture-backed workflow software platform for field-service companies.",3.8,true,Synthetic demo
Evergreen Residential Plumbing,evergreenplumbing.example,https://evergreenplumbing.example,Residential Plumbing,"Seattle, Washington",28,2001,Paul Morgan,Owner,paul@evergreenplumbing.example,+1-206-555-0181,"Residential repair and emergency plumbing business.",4.7,false,Synthetic demo
Sunbelt Safety Compliance,sunbeltsafety.example,https://sunbeltsafety.example,Industrial Services,"Houston, Texas",14,2015,Nina Patel,Managing Director,nina@sunbeltsafety.example,+1-713-555-0123,"Workplace safety inspections and recurring compliance services for industrial clients.",3.2,false,Synthetic demo
Atlas National Facilities,atlasnational.example,https://atlasnational.example,Facility Services,"Jacksonville, Florida",640,1987,Greg Wilson,Regional VP,greg@atlasnational.example,+1-904-555-0174,"National facility management platform backed by a private equity sponsor.",145,true,Synthetic demo
Southeast Building Controls,southeastcontrols.example,https://southeastcontrols.example,Industrial Services,"Savannah, Georgia",31,2006,,,,+1-912-555-0188,"Building automation installation and maintenance for commercial customers.",8.1,false,Synthetic demo
Blue Mesa Fire Protection,bluemesafire.example,https://bluemesafire.example,Facility Services,"Mesa, Arizona",19,1996,Laura Chavez,Owner,laura@bluemesafire.example,+1-480-555-0153,"Fire suppression inspection, testing, and maintenance with recurring compliance demand.",4.9,false,Synthetic demo
Coastal Kitchen Group,coastalkitchen.example,https://coastalkitchen.example,Restaurant,"Miami, Florida",76,2018,Marco Diaz,Founder,marco@coastalkitchen.example,+1-305-555-0149,"Multi-location fast casual restaurant operator.",11.5,false,Synthetic demo
